Index,TagID_Hex,PRI,TagID_Dec,ReleaseGroup
3,3B66,5,15206,AcSurge1
14,3B9A,5,15258,AcSurge1
23,3BD2,5,15314,AcSurge1
28,3C6A,5,15466,AcSurge1
32,3C94,5,15508,AcSurge1
36,3CD2,5,15570,AcSurge1
54,DA15,5,55829,AcSurge1
58,DA28,5,55848,AcSurge1
60,DA2C,5,55852,AcSurge1
61,DA2D,5,55853,AcSurge1
62,DA32,5,55858,AcSurge1
63,DA34,5,55860,AcSurge1
65,DA3A,5,55866,AcSurge1
73,DA51,5,55889,AcSurge1
76,DA59,5,55897,AcSurge1
79,DA5D,5,55901,AcSurge1
80,DA62,5,55906,AcSurge1
82,DA65,5,55909,AcSurge1
83,DA66,5,55910,AcSurge1
84,DA68,5,55912,AcSurge1
85,DA6D,5,55917,AcSurge1
86,DA72,5,55922,AcSurge1
94,DA89,5,55945,AcSurge1
96,DA8C,5,55948,AcSurge1
99,DA93,5,55955,AcSurge1
103,DA9C,5,55964,AcSurge1
106,DAAF,5,55983,AcSurge1
117,DACB,5,56011,AcSurge1
118,DACD,5,56013,AcSurge1
123,DAD9,5,56025,AcSurge1
124,DADC,5,56028,AcSurge1
125,DADD,5,56029,AcSurge1
127,DAE5,5,56037,AcSurge1
128,DAE6,5,56038,AcSurge1
129,DAE8,5,56040,AcSurge1
130,DAEB,5,56043,AcSurge1
132,DAF2,5,56050,AcSurge1
134,DAF5,5,56053,AcSurge1
135,DAF6,5,56054,AcSurge1
137,DB0A,5,56074,AcSurge1
138,DB12,5,56082,AcSurge1
141,DB16,5,56086,AcSurge1
151,DB32,5,56114,AcSurge1
153,DB35,5,56117,AcSurge1
154,DB36,5,56118,AcSurge1
155,DB3A,5,56122,AcSurge1
165,DB50,5,56144,AcSurge1
170,DB59,5,56153,AcSurge1
171,DB5D,5,56157,AcSurge1
179,DB6C,5,56172,AcSurge1
180,DB6D,5,56173,AcSurge1
181,DB6E,5,56174,AcSurge1
184,DB8A,5,56202,AcSurge1
185,DB92,5,56210,AcSurge1
186,DB94,5,56212,AcSurge1
188,DB9A,5,56218,AcSurge1
192,DBA6,5,56230,AcSurge1
193,DBA8,5,56232,AcSurge1
194,DBA9,5,56233,AcSurge1
202,DBCA,5,56266,AcSurge1
203,DBD2,5,56274,AcSurge1
206,DBD6,5,56278,AcSurge1
214,DC8A,5,56458,AcSurge1
217,DC94,5,56468,AcSurge1
219,DC9A,5,56474,AcSurge1
222,DCA8,5,56488,AcSurge1
226,DCB4,5,56500,AcSurge1
229,DCBA,5,56506,AcSurge1
231,DCD2,5,56530,AcSurge1
234,DCEA,5,56554,AcSurge1
239,DD16,5,56598,AcSurge1
242,DD25,5,56613,AcSurge1
245,DD29,5,56617,AcSurge1
249,DD2E,5,56622,AcSurge1
262,DD50,5,56656,AcSurge1
263,DD51,5,56657,AcSurge1
264,DD53,5,56659,AcSurge1
271,DD5E,5,56670,AcSurge1
276,DD6C,5,56684,AcSurge1
280,DD74,5,56692,AcSurge1
283,DD8A,5,56714,AcSurge1
288,DD9A,5,56730,AcSurge1
290,DDA5,5,56741,AcSurge1
291,DDA6,5,56742,AcSurge1
293,DDA9,5,56745,AcSurge1
299,DDB4,5,56756,AcSurge1
304,DDD4,5,56788,AcSurge1
306,DDD6,5,56790,AcSurge1
307,DDDA,5,56794,AcSurge1
309,DE2A,5,56874,AcSurge1
311,DE54,5,56916,AcSurge1
318,DE9A,5,56986,AcSurge1
320,DEA4,5,56996,AcSurge1
322,DEA9,5,57001,AcSurge1
328,DEB5,5,57013,AcSurge1
330,DEBA,5,57018,AcSurge1
335,DEDA,5,57050,AcSurge1
336,DEEA,5,57066,AcSurge1
337,DF2A,5,57130,AcSurge1
338,DF4A,5,57162,AcSurge1
340,DF56,5,57174,AcSurge1
341,DF5A,5,57178,AcSurge1
346,E14A,5,57674,AcSurge1
348,E155,5,57685,AcSurge1
354,E254,5,57940,AcSurge1
355,E255,5,57941,AcSurge1
357,E25A,5,57946,AcSurge1
359,E28A,5,57994,AcSurge1
360,E296,5,58006,AcSurge1
363,E2A5,5,58021,AcSurge1
370,E2B5,5,58037,AcSurge1
372,E2BA,5,58042,AcSurge1
373,E2CA,5,58058,AcSurge1
374,E2D5,5,58069,AcSurge1
377,E32A,5,58154,AcSurge1
380,E356,5,58198,AcSurge1
383,E3AA,5,58282,AcSurge1
385,E452,5,58450,AcSurge1
386,E455,5,58453,AcSurge1
388,E46A,5,58474,AcSurge1
392,E496,5,58518,AcSurge1
397,E4A6,5,58534,AcSurge1
400,E4AC,5,58540,AcSurge1
406,E4D2,5,58578,AcSurge1
408,E4D6,5,58582,AcSurge1
415,E516,5,58646,AcSurge1
419,E526,5,58662,AcSurge1
422,E52C,5,58668,AcSurge1
423,E52E,5,58670,AcSurge1
424,E532,5,58674,AcSurge1
425,E534,5,58676,AcSurge1
428,E544,5,58692,AcSurge1
430,E548,5,58696,AcSurge1
432,E54B,5,58699,AcSurge1
433,E54C,5,58700,AcSurge1
435,E551,5,58705,AcSurge1
437,E557,5,58711,AcSurge1
438,E558,5,58712,AcSurge1
447,E56E,5,58734,AcSurge1
455,E5A2,5,58786,AcSurge1
458,E5A6,5,58790,AcSurge1
462,E5AE,5,58798,AcSurge1
463,E5B4,5,58804,AcSurge1
468,E5D5,5,58837,AcSurge1
471,E62A,5,58922,AcSurge1
473,E652,5,58962,AcSurge1
476,E65A,5,58970,AcSurge1
482,E69A,5,59034,AcSurge1
483,E6A2,5,59042,AcSurge1
484,E6A6,5,59046,AcSurge1
485,E6A8,5,59048,AcSurge1
490,E6B2,5,59058,AcSurge1
501,E754,5,59220,AcSurge1
508,E852,5,59474,AcSurge1
510,E856,5,59478,AcSurge1
515,E895,5,59541,AcSurge1
516,E896,5,59542,AcSurge1
517,E89A,5,59546,AcSurge1
521,E8A8,5,59560,AcSurge1
532,E8D5,5,59605,AcSurge1
534,E8EA,5,59626,AcSurge1
535,E90A,5,59658,AcSurge1
541,E925,5,59685,AcSurge1
543,E929,5,59689,AcSurge1
546,E92D,5,59693,AcSurge1
547,E92E,5,59694,AcSurge1
549,E935,5,59701,AcSurge1
557,E950,5,59728,AcSurge1
560,E957,5,59735,AcSurge1
561,E958,5,59736,AcSurge1
563,E95B,5,59739,AcSurge1
567,E962,5,59746,AcSurge1
569,E965,5,59749,AcSurge1
573,E96C,5,59756,AcSurge1
582,E9A6,5,59814,AcSurge1
588,EA14,5,59924,AcSurge1
589,EA15,5,59925,AcSurge1
595,EA28,5,59944,AcSurge1
596,EA29,5,59945,AcSurge1
597,EA2B,5,59947,AcSurge1
600,EA34,5,59956,AcSurge1
601,EA35,5,59957,AcSurge1
602,EA36,5,59958,AcSurge1
607,EA48,5,59976,AcSurge1
614,EA58,5,59992,AcSurge1
618,EA5E,5,59998,AcSurge1
619,EA62,5,60002,AcSurge1
627,EA72,5,60018,AcSurge1
628,EA74,5,60020,AcSurge1
630,EA82,5,60034,AcSurge1
632,EA85,5,60037,AcSurge1
642,EA93,5,60051,AcSurge1
646,EA9E,5,60062,AcSurge1
653,EAB8,5,60088,AcSurge1
658,EAC5,5,60101,AcSurge1
660,EAC8,5,60104,AcSurge1
661,EAC9,5,60105,AcSurge1
665,EACE,5,60110,AcSurge1
678,EAE9,5,60137,AcSurge1
680,EAED,5,60141,AcSurge1
681,EAEE,5,60142,AcSurge1
683,EAF5,5,60149,AcSurge1
684,EAF6,5,60150,AcSurge1
689,EB14,5,60180,AcSurge1
692,EB1A,5,60186,AcSurge1
693,EB24,5,60196,AcSurge1
700,EB2E,5,60206,AcSurge1
701,EB32,5,60210,AcSurge1
708,EB46,5,60230,AcSurge1
709,EB48,5,60232,AcSurge1
714,EB50,5,60240,AcSurge1
717,EB5B,5,60251,AcSurge1
724,EB69,5,60265,AcSurge1
726,EB6E,5,60270,AcSurge1
731,EB9A,5,60314,AcSurge1
735,EBA6,5,60326,AcSurge1
737,EBB4,5,60340,AcSurge1
741,EBD6,5,60374,AcSurge1
757,ECA6,5,60582,AcSurge1
760,ECA9,5,60585,AcSurge1
761,ECAB,5,60587,AcSurge1
768,ECCA,5,60618,AcSurge1
771,ECD6,5,60630,AcSurge1
773,ECEA,5,60650,AcSurge1
775,ED14,5,60692,AcSurge1
781,ED2B,5,60715,AcSurge1
784,ED4C,5,60748,AcSurge1
785,ED4D,5,60749,AcSurge1
787,ED51,5,60753,AcSurge1
788,ED58,5,60760,AcSurge1
790,ED5B,5,60763,AcSurge1
795,ED72,5,60786,AcSurge1
802,ED9A,5,60826,AcSurge1
804,EDA4,5,60836,AcSurge1
807,EDAD,5,60845,AcSurge1
808,EDAE,5,60846,AcSurge1
811,EDB5,5,60853,AcSurge1
812,EDB6,5,60854,AcSurge1
814,EDD2,5,60882,AcSurge1
815,EDD4,5,60884,AcSurge1
816,EDD6,5,60886,AcSurge1
31,3C92,5,15506,AcSurge1
148,DB2C,5,56108,AcSurge1
210,DC52,5,56402,AcSurge1
216,DC92,5,56466,AcSurge1
369,E2B4,5,58036,AcSurge1
688,EB12,5,60178,AcSurge1
759,ECA8,5,60584,AcSurge1
764,ECAD,5,60589,AcSurge1
800,ED94,5,60820,AcSurge1
819,EDEA,5,60906,AcSurge1
820,EDEA,5,60906,AcSurge1
34,3CA4,5,15524,AcSurge1_TE
97,DA8E,5,55950,AcSurge1_TE
126,DAE4,5,56036,AcSurge1_TE
142,DB22,5,56098,AcSurge1_TE
149,DB2D,5,56109,AcSurge1_TE
152,DB34,5,56116,AcSurge1_TE
204,DBD4,5,56276,AcSurge1_TE
208,DBEA,5,56298,AcSurge1_TE
255,DD42,5,56642,AcSurge1_TE
265,DD57,5,56663,AcSurge1_TE
281,DD75,5,56693,AcSurge1_TE
345,E12A,5,57642,AcSurge1_TE
421,E529,5,58665,AcSurge1_TE
427,E536,5,58678,AcSurge1_TE
441,E562,5,58722,AcSurge1_TE
470,E5DA,5,58842,AcSurge1_TE
505,E7AA,5,59306,AcSurge1_TE
506,E82A,5,59434,AcSurge1_TE
537,E916,5,59670,AcSurge1_TE
544,E92B,5,59691,AcSurge1_TE
599,EA32,5,59954,AcSurge1_TE
615,EA5B,5,59995,AcSurge1_TE
672,EADB,5,60123,AcSurge1_TE
782,ED49,5,60745,AcSurge1_TE
783,ED4B,5,60747,AcSurge1_TE
30,3C92,5,15506,AcSurge1_TE_retroactive
64,DA36,5,55862,AcSurge1_TE_retroactive
147,DB2C,5,56108,AcSurge1_TE_retroactive
209,DC52,5,56402,AcSurge1_TE_retroactive
215,DC92,5,56466,AcSurge1_TE_retroactive
368,E2B4,5,58036,AcSurge1_TE_retroactive
520,E8A6,5,59558,AcSurge1_TE_retroactive
687,EB12,5,60178,AcSurge1_TE_retroactive
758,ECA8,5,60584,AcSurge1_TE_retroactive
763,ECAD,5,60589,AcSurge1_TE_retroactive
799,ED94,5,60820,AcSurge1_TE_retroactive
805,EDA5,5,60837,AcSurge1_TE_retroactive
818,EDEA,5,60906,AcSurge1_TE_retroactive
1,3B5E,5,15198,AcSurge2
2,3B64,5,15204,AcSurge2
4,3B68,5,15208,AcSurge2
5,3B6C,5,15212,AcSurge2
7,3B72,5,15218,AcSurge2
8,3B74,5,15220,AcSurge2
11,3B92,5,15250,AcSurge2
12,3B94,5,15252,AcSurge2
13,3B96,5,15254,AcSurge2
15,3BA2,5,15266,AcSurge2
16,3BA4,5,15268,AcSurge2
17,3BA8,5,15272,AcSurge2
18,3BAC,5,15276,AcSurge2
19,3BAE,5,15278,AcSurge2
20,3BB2,5,15282,AcSurge2
22,3BB6,5,15286,AcSurge2
24,3BEA,5,15338,AcSurge2
25,3C2A,5,15402,AcSurge2
26,3C56,5,15446,AcSurge2
27,3C5A,5,15450,AcSurge2
33,3C96,5,15510,AcSurge2
35,3CCA,5,15562,AcSurge2
37,3CD4,5,15572,AcSurge2
38,3CEA,5,15594,AcSurge2
39,3D12,5,15634,AcSurge2
40,3D14,5,15636,AcSurge2
41,3D16,5,15638,AcSurge2
44,3D3A,5,15674,AcSurge2
45,3D44,5,15684,AcSurge2
46,3D46,5,15686,AcSurge2
47,3D48,5,15688,AcSurge2
48,3D4C,5,15692,AcSurge2
49,3D4E,5,15694,AcSurge2
50,3D50,5,15696,AcSurge2
51,D9D4,5,55764,AcSurge2
55,DA16,5,55830,AcSurge2
56,DA1A,5,55834,AcSurge2
68,DA45,5,55877,AcSurge2
69,DA48,5,55880,AcSurge2
71,DA4C,5,55884,AcSurge2
75,DA58,5,55896,AcSurge2
77,DA5B,5,55899,AcSurge2
81,DA64,5,55908,AcSurge2
88,DA76,5,55926,AcSurge2
89,DA7A,5,55930,AcSurge2
92,DA85,5,55941,AcSurge2
100,DA97,5,55959,AcSurge2
105,DAA1,5,55969,AcSurge2
107,DAB0,5,55984,AcSurge2
112,DABD,5,55997,AcSurge2
143,DB24,5,56100,AcSurge2
144,DB25,5,56101,AcSurge2
145,DB29,5,56105,AcSurge2
150,DB2E,5,56110,AcSurge2
159,DB48,5,56136,AcSurge2
160,DB49,5,56137,AcSurge2
161,DB4B,5,56139,AcSurge2
163,DB4D,5,56141,AcSurge2
166,DB51,5,56145,AcSurge2
167,DB53,5,56147,AcSurge2
173,DB62,5,56162,AcSurge2
175,DB65,5,56165,ACSurge2
177,DB68,5,56168,AcSurge2
178,DB6B,5,56171,AcSurge2
182,DB75,5,56181,AcSurge2
190,DBA4,5,56228,AcSurge2
191,DBA5,5,56229,AcSurge2
197,DBAD,5,56237,AcSurge2
199,DBB4,5,56244,AcSurge2
200,DBB5,5,56245,AcSurge2
201,DBB6,5,56246,AcSurge2
205,DBD5,5,56277,AcSurge2
207,DBDA,5,56282,AcSurge2
220,DCA4,5,56484,AcSurge2
230,DCCA,5,56522,AcSurge2
232,DCD4,5,56532,AcSurge2
237,DD14,5,56596,AcSurge2
240,DD1A,5,56602,AcSurge2
243,DD26,5,56614,AcSurge2
244,DD28,5,56616,AcSurge2
248,DD2D,5,56621,AcSurge2
250,DD32,5,56626,AcSurge2
251,DD34,5,56628,AcSurge2
258,DD46,5,56646,AcSurge2
259,DD49,5,56649,AcSurge2
267,DD59,5,56665,AcSurge2
269,DD5C,5,56668,AcSurge2
277,DD6D,5,56685,AcSurge2
285,DD94,5,56724,AcSurge2
286,DD95,5,56725,AcSurge2
287,DD96,5,56726,AcSurge2
295,DDAC,5,56748,AcSurge2
296,DDAD,5,56749,AcSurge2
300,DDB5,5,56757,AcSurge2
302,DDBA,5,56762,AcSurge2
312,DE55,5,56917,AcSurge2
313,DE5A,5,56922,AcSurge2
316,DE94,5,56980,AcSurge2
317,DE95,5,56981,AcSurge2
319,DEA2,5,56994,AcSurge2
324,DEAD,5,57005,AcSurge2
326,DEB2,5,57010,AcSurge2
331,DED2,5,57042,AcSurge2
332,DED4,5,57044,AcSurge2
333,DED5,5,57045,AcSurge2
342,DF6A,5,57194,AcSurge2
347,E154,5,57684,AcSurge2
350,E16A,5,57706,AcSurge2
352,E24A,5,57930,AcSurge2
353,E252,5,57938,AcSurge2
356,E256,5,57942,AcSurge2
362,E2A4,5,58020,AcSurge2
364,E2A6,5,58022,AcSurge2
365,E2A8,5,58024,AcSurge2
366,E2A9,5,58025,AcSurge2
367,E2AD,5,58029,AcSurge2
371,E2B6,5,58038,AcSurge2
375,E2D6,5,58070,AcSurge2
376,E2EA,5,58090,AcSurge2
379,E354,5,58196,AcSurge2
387,E45A,5,58458,AcSurge2
390,E492,5,58514,AcSurge2
391,E494,5,58516,AcSurge2
393,E49A,5,58522,AcSurge2
394,E4A2,5,58530,AcSurge2
395,E4A4,5,58532,AcSurge2
398,E4A8,5,58536,AcSurge2
402,E4AE,5,58542,AcSurge2
403,E4B2,5,58546,AcSurge2
411,E50A,5,58634,AcSurge2
412,E512,5,58642,AcSurge2
417,E522,5,58658,AcSurge2
418,E525,5,58661,AcSurge2
426,E535,5,58677,AcSurge2
429,E546,5,58694,AcSurge2
431,E549,5,58697,AcSurge2
434,E550,5,58704,AcSurge2
440,E55D,5,58717,AcSurge2
443,E568,5,58728,AcSurge2
444,E569,5,58729,AcSurge2
446,E56D,5,58733,AcSurge2
448,E575,5,58741,AcSurge2
449,E57A,5,58746,AcSurge2
450,E58A,5,58762,AcSurge2
453,E596,5,58774,AcSurge2
454,E59A,5,58778,AcSurge2
456,E5A4,5,58788,AcSurge2
464,E5B5,5,58805,AcSurge2
466,E5BA,5,58810,AcSurge2
474,E654,5,58964,AcSurge2
479,E692,5,59026,AcSurge2
481,E696,5,59030,AcSurge2
486,E6A9,5,59049,ACSurge2
492,E6B5,5,59061,AcSurge2
496,E6D5,5,59093,AcSurge2
498,E72A,5,59178,AcSurge2
499,E74A,5,59210,AcSurge2
500,E752,5,59218,AcSurge2
502,E755,5,59221,AcSurge2
507,E84A,5,59466,AcSurge2
511,E85A,5,59482,AcSurge2
512,E88A,5,59530,AcSurge2
514,E894,5,59540,AcSurge2
522,E8A9,5,59561,AcSurge2
525,E8AE,5,59566,AcSurge2
536,E915,5,59669,AcSurge2
540,E924,5,59684,AcSurge2
551,E944,5,59716,AcSurge2
552,E946,5,59718,AcSurge2
553,E948,5,59720,ACSurge2
559,E953,5,59731,AcSurge2
562,E959,5,59737,AcSurge2
564,E95C,5,59740,AcSurge2
565,E95D,5,59741,AcSurge2
568,E964,5,59748,AcSurge2
576,E974,5,59764,AcSurge2
578,E976,5,59766,AcSurge2
579,E992,5,59794,AcSurge2
580,E994,5,59796,AcSurge2
581,E99A,5,59802,AcSurge2
583,E9AC,5,59820,AcSurge2
584,E9B5,5,59829,AcSurge2
585,E9BA,5,59834,AcSurge2
592,EA24,5,59940,AcSurge2
593,EA25,5,59941,AcSurge2
594,EA26,5,59942,AcSurge2
605,EA44,5,59972,AcSurge2
610,EA4D,5,59981,AcSurge2
612,EA50,5,59984,AcSurge2
621,EA65,5,60005,AcSurge2
622,EA68,5,60008,AcSurge2
623,EA6B,5,60011,AcSurge2
629,EA7A,5,60026,AcSurge2
637,EA8C,5,60044,AcSurge2
638,EA8D,5,60045,AcSurge2
639,EA8E,5,60046,AcSurge2
641,EA91,5,60049,AcSurge2
643,EA97,5,60055,AcSurge2
647,EAA1,5,60065,AcSurge2
650,EAB0,5,60080,AcSurge2
652,EAB3,5,60083,AcSurge2
656,EABC,5,60092,AcSurge2
657,EAC4,5,60100,AcSurge2
659,EAC6,5,60102,AcSurge2
663,EACC,5,60108,AcSurge2
664,EACD,5,60109,AcSurge2
668,EAD3,5,60115,AcSurge2
677,EAE8,5,60136,AcSurge2
682,EAF4,5,60148,AcSurge2
694,EB25,5,60197,AcSurge2
698,EB2C,5,60204,AcSurge2
699,EB2D,5,60205,AcSurge2
704,EB3A,5,60218,AcSurge2
705,EB42,5,60226,AcSurge2
707,EB45,5,60229,Acsurge2
713,EB4E,5,60238,AcSurge2
715,EB57,5,60247,AcSurge2
716,EB59,5,60249,AcSurge2
722,EB64,5,60260,AcSurge2
725,EB6B,5,60267,AcSurge2
727,EB74,5,60276,AcSurge2
742,EBEA,5,60394,AcSurge2
743,EC2A,5,60458,AcSurge2
749,EC92,5,60562,AcSurge2
752,EC96,5,60566,AcSurge2
754,ECA2,5,60578,AcSurge2
755,ECA4,5,60580,AcSurge2
756,ECA5,5,60581,AcSurge2
765,ECB2,5,60594,AcSurge2
769,ECD2,5,60626,AcSurge2
770,ECD5,5,60629,AcSurge2
776,ED1A,5,60698,AcSurge2
786,ED50,5,60752,AcSurge2
789,ED59,5,60761,AcSurge2
791,ED65,5,60773,AcSurge2
794,ED6C,5,60780,AcSurge2
797,ED8A,5,60810,AcSurge2
801,ED95,5,60821,AcSurge2
803,EDA2,5,60834,AcSurge2
810,EDB4,5,60852,AcSurge2
813,EDCA,5,60874,AcSurge2
9,3B7A,5,15226,AcSurge2
42,3D2E,5,15662,AcSurge2
158,DB46,5,56134,AcSurge2
195,DBAB,5,56235,AcSurge2
212,DC55,5,56405,AcSurge2
247,DD2C,5,56620,AcSurge2
407,E4D4,5,58580,AcSurge2
416,E51A,5,58650,AcSurge2
524,E8AD,5,59565,AcSurge2
670,EAD8,5,60120,AcSurge2
748,EC8A,5,60554,AcSurge2
6,3B6E,5,15214,AcSurge2_TE
10,3B8A,5,15242,AcSurge2_TE
21,3BB4,5,15284,AcSurge2_TE
29,3C8A,5,15498,AcSurge2_TE
43,3D32,5,15666,AcSurge2_TE
95,DA8B,5,55947,AcSurge2_TE
136,DAFA,5,56058,AcSurge2_TE
196,DBAC,5,56236,AcSurge2_TE
282,DD76,5,56694,AcSurge2_TE
389,E48A,5,58506,AcSurge2_TE
396,E4A5,5,58533,AcSurge2_TE
409,E4DA,5,58586,AcSurge2_TE
410,E4EA,5,58602,AcSurge2_TE
442,E565,5,58725,AcSurge2_TE
477,E66A,5,58986,AcSurge2_TE
488,E6AC,5,59052,AcSurge2_TE
509,E855,5,59477,AcSurge2_TE
523,E8AC,5,59564,AcSurge2_TE
550,E942,5,59714,AcSurge2_TE
626,EA6E,5,60014,AcSurge2_TE
706,EB44,5,60228,AcSurge2_TE
711,EB4B,5,60235,AcSurge2_TE
198,DBB2,5,56242,AcSurge2_TE_notHeard
452,E594,5,58772,AcSurge2_TE_notHeard
679,EAEB,5,60139,AcSurge2_TE_notHeard
702,EB34,5,60212,AcSurge2_TE_notHeard
227,DCB5,5,56501,AcSurge2_TE_retroactive
52,D9EA,5,55786,CONWAY
53,DA12,5,55826,CONWAY
57,DA26,5,55846,CONWAY
59,DA29,5,55849,CONWAY
66,DA42,5,55874,CONWAY
67,DA44,5,55876,CONWAY
70,DA4B,5,55883,CONWAY
72,DA4D,5,55885,CONWAY
74,DA57,5,55895,CONWAY
78,DA5C,5,55900,CONWAY
87,DA74,5,55924,CONWAY
90,DA82,5,55938,CONWAY
91,DA84,5,55940,CONWAY
93,DA88,5,55944,CONWAY
98,DA90,5,55952,CONWAY
101,DA98,5,55960,CONWAY
102,DA9B,5,55963,CONWAY
104,DA9D,5,55965,CONWAY
108,DAB3,5,55987,CONWAY
109,DAB7,5,55991,CONWAY
110,DAB8,5,55992,CONWAY
111,DABC,5,55996,CONWAY
113,DAC2,5,56002,CONWAY
114,DAC5,5,56005,CONWAY
115,DAC6,5,56006,CONWAY
116,DAC8,5,56008,CONWAY
119,DACE,5,56014,CONWAY
120,DAD3,5,56019,CONWAY
121,DAD7,5,56023,CONWAY
122,DAD8,5,56024,CONWAY
131,DAEE,5,56046,CONWAY
133,DAF4,5,56052,CONWAY
139,DB14,5,56084,CONWAY
140,DB15,5,56085,CONWAY
146,DB2B,5,56107,CONWAY
156,DB44,5,56132,CONWAY
157,DB45,5,56133,CONWAY
162,DB4C,5,56140,CONWAY
164,DB4E,5,56142,CONWAY
168,DB57,5,56151,CONWAY
169,DB58,5,56152,CONWAY
172,DB5E,5,56158,CONWAY
174,DB64,5,56164,CONWAY
176,DB66,5,56166,CONWAY
183,DB7A,5,56186,CONWAY
187,DB96,5,56214,CONWAY
189,DBA2,5,56226,CONWAY
211,DC54,5,56404,CONWAY
213,DC6A,5,56426,CONWAY
218,DC95,5,56469,CONWAY
221,DCA6,5,56486,CONWAY
224,DCAC,5,56492,CONWAY
225,DCAD,5,56493,CONWAY
228,DCB6,5,56502,CONWAY
233,DCD6,5,56534,CONWAY
235,DD0A,5,56586,CONWAY
236,DD12,5,56594,CONWAY
238,DD15,5,56597,CONWAY
241,DD22,5,56610,CONWAY
246,DD2B,5,56619,CONWAY
252,DD35,5,56629,CONWAY
253,DD36,5,56630,CONWAY
254,DD3A,5,56634,CONWAY
256,DD44,5,56644,CONWAY
257,DD45,5,56645,CONWAY
260,DD4C,5,56652,CONWAY
261,DD4D,5,56653,CONWAY
266,DD58,5,56664,CONWAY
268,DD5B,5,56667,CONWAY
270,DD5D,5,56669,CONWAY
272,DD65,5,56677,CONWAY
273,DD66,5,56678,CONWAY
274,DD68,5,56680,CONWAY
275,DD6B,5,56683,CONWAY
278,DD6E,5,56686,CONWAY
279,DD72,5,56690,CONWAY
284,DD92,5,56722,CONWAY
289,DDA4,5,56740,CONWAY
292,DDA8,5,56744,CONWAY
294,DDAB,5,56747,CONWAY
297,DDAE,5,56750,CONWAY
298,DDB2,5,56754,CONWAY
301,DDB6,5,56758,CONWAY
303,DDD2,5,56786,CONWAY
305,DDD5,5,56789,CONWAY
308,DDEA,5,56810,CONWAY
314,DE6A,5,56938,CONWAY
315,DE8A,5,56970,CONWAY
321,DEA8,5,57000,CONWAY
323,DEAC,5,57004,CONWAY
325,DEAE,5,57006,CONWAY
327,DEB4,5,57012,CONWAY
329,DEB6,5,57014,CONWAY
334,DED6,5,57046,CONWAY
339,DF55,5,57173,CONWAY
343,DFAA,5,57258,CONWAY
344,E0AA,5,57514,CONWAY
349,E156,5,57686,CONWAY
351,E1AA,5,57770,CONWAY
358,E26A,5,57962,CONWAY
361,E29A,5,58010,CONWAY
378,E34A,5,58186,CONWAY
381,E35A,5,58202,CONWAY
382,E36A,5,58218,CONWAY
384,E44A,5,58442,CONWAY
399,E4AB,5,58539,CONWAY
401,E4AD,5,58541,CONWAY
404,E4B4,5,58548,CONWAY
405,E4B6,5,58550,CONWAY
413,E514,5,58644,CONWAY
414,E515,5,58645,CONWAY
420,E528,5,58664,CONWAY
436,E553,5,58707,CONWAY
439,E559,5,58713,CONWAY
445,E56C,5,58732,CONWAY
451,E592,5,58770,CONWAY
457,E5A5,5,58789,CONWAY
459,E5A9,5,58793,CONWAY
460,E5AB,5,58795,CONWAY
461,E5AC,5,58796,CONWAY
465,E5B6,5,58806,CONWAY
467,E5D4,5,58836,CONWAY
469,E5D6,5,58838,CONWAY
472,E64A,5,58954,CONWAY
475,E655,5,58965,CONWAY
478,E68A,5,59018,CONWAY
480,E694,5,59028,CONWAY
489,E6AE,5,59054,CONWAY
491,E6B4,5,59060,CONWAY
493,E6B6,5,59062,CONWAY
494,E6D2,5,59090,CONWAY
495,E6D4,5,59092,CONWAY
497,E6EA,5,59114,CONWAY
503,E756,5,59222,CONWAY
504,E75A,5,59226,CONWAY
513,E892,5,59538,CONWAY
518,E8A4,5,59556,CONWAY
519,E8A5,5,59557,CONWAY
526,E8B2,5,59570,CONWAY
527,E8B5,5,59573,CONWAY
528,E8BA,5,59578,CONWAY
529,E8CA,5,59594,CONWAY
530,E8D2,5,59602,CONWAY
531,E8D4,5,59604,CONWAY
533,E8D6,5,59606,CONWAY
538,E91A,5,59674,CONWAY
539,E922,5,59682,CONWAY
542,E926,5,59686,CONWAY
545,E92C,5,59692,CONWAY
548,E934,5,59700,CONWAY
554,E949,5,59721,CONWAY
555,E94C,5,59724,CONWAY
556,E94E,5,59726,CONWAY
566,E95E,5,59742,CONWAY
570,E966,5,59750,CONWAY
571,E968,5,59752,CONWAY
572,E969,5,59753,CONWAY
574,E96D,5,59757,CONWAY
575,E96E,5,59758,CONWAY
577,E975,5,59765,CONWAY
586,E9D6,5,59862,CONWAY
587,E9DA,5,59866,CONWAY
590,EA16,5,59926,CONWAY
591,EA1A,5,59930,CONWAY
598,EA2C,5,59948,CONWAY
603,EA3A,5,59962,CONWAY
604,EA42,5,59970,CONWAY
606,EA46,5,59974,CONWAY
608,EA49,5,59977,CONWAY
609,EA4B,5,59979,CONWAY
611,EA4E,5,59982,CONWAY
613,EA51,5,59985,CONWAY
616,EA5C,5,59996,CONWAY
620,EA64,5,60004,CONWAY
624,EA6C,5,60012,CONWAY
625,EA6D,5,60013,CONWAY
631,EA84,5,60036,CONWAY
633,EA86,5,60038,CONWAY
634,EA88,5,60040,CONWAY
636,EA8B,5,60043,CONWAY
640,EA90,5,60048,CONWAY
644,EA99,5,60057,CONWAY
645,EA9C,5,60060,CONWAY
648,EAA7,5,60071,CONWAY
651,EAB1,5,60081,CONWAY
654,EAB9,5,60089,CONWAY
655,EABB,5,60091,CONWAY
662,EACB,5,60107,CONWAY
666,EAD0,5,60112,CONWAY
671,EAD9,5,60121,CONWAY
673,EADC,5,60124,CONWAY
674,EADD,5,60125,CONWAY
675,EAE5,5,60133,CONWAY
676,EAE6,5,60134,CONWAY
685,EAFA,5,60154,CONWAY
686,EB0A,5,60170,CONWAY
690,EB15,5,60181,CONWAY
691,EB16,5,60182,CONWAY
696,EB28,5,60200,CONWAY
697,EB29,5,60201,CONWAY
703,EB36,5,60214,CONWAY
710,EB49,5,60233,CONWAY
712,EB4C,5,60236,CONWAY
718,EB5C,5,60252,CONWAY
719,EB5D,5,60253,CONWAY
720,EB5E,5,60254,CONWAY
721,EB62,5,60258,CONWAY
723,EB65,5,60261,CONWAY
728,EB7A,5,60282,CONWAY
729,EB8A,5,60298,CONWAY
730,EB92,5,60306,CONWAY
732,EBA2,5,60322,CONWAY
733,EBA4,5,60324,CONWAY
734,EBA5,5,60325,CONWAY
736,EBB2,5,60338,CONWAY
738,EBB5,5,60341,CONWAY
739,EBBA,5,60346,CONWAY
740,EBCA,5,60362,CONWAY
744,EC52,5,60498,CONWAY
745,EC56,5,60502,CONWAY
746,EC5A,5,60506,CONWAY
747,EC6A,5,60522,CONWAY
750,EC94,5,60564,CONWAY
751,EC95,5,60565,CONWAY
753,EC9A,5,60570,CONWAY
762,ECAC,5,60588,CONWAY
766,ECB6,5,60598,CONWAY
767,ECBA,5,60602,CONWAY
774,ED12,5,60690,CONWAY
777,ED24,5,60708,CONWAY
778,ED25,5,60709,CONWAY
779,ED28,5,60712,CONWAY
780,ED29,5,60713,CONWAY
793,ED69,5,60777,CONWAY
796,ED74,5,60788,CONWAY
798,ED92,5,60818,CONWAY
806,EDA9,5,60841,CONWAY
809,EDB2,5,60850,CONWAY
817,EDDA,5,60890,CONWAY
223,DCAB,5,56491,CONWAY
310,DE4A,5,56906,CONWAY
487,E6AB,5,59051,CONWAY
558,E951,5,59729,CONWAY
617,EA5D,5,59997,CONWAY
635,EA89,5,60041,CONWAY
649,EAAA,5,60074,CONWAY
667,EAD1,5,60113,CONWAY
669,EAD7,5,60119,CONWAY
695,EB26,5,60198,CONWAY
772,ECDA,5,60634,CONWAY
792,ED66,5,60774,CONWAY
